day,hour,operation
1,17:08,команда создана в графане
1,17:08,команда создана
1,17:08,подписка для команды создана
1,17:08,зарегистрировался
1,18:33,команда создана в графане
1,18:33,команда создана
1,18:33,подписка для команды создана
1,18:33,зарегистрировался
1,21:02,команда создана в графане
1,21:02,команда создана
1,21:02,подписка для команды создана
1,21:02,зарегистрировался
1,21:16,запустил test
1,21:19,стартовал grafana
1,21:20,перешел в status FINISHED
1,21:27,запустил test
1,21:29,стартовал grafana
1,21:34,перешел в status TEST_STOPPING
1,21:34,перешел в status CANCELED
2,08:49,команда создана в графане
2,08:49,команда создана
2,08:49,зарегистрировался
2,08:49,подписка для команды создана
2,16:36,запустил test
2,16:36,перешел в status TEST_STOPPING
2,16:36,перешел в status CANCELED
2,23:48,команда создана в графане
2,23:48,подписка для команды создана
2,23:48,команда создана
2,23:48,зарегистрировался
3,12:02,запустил test
3,12:05,стартовал grafana
3,12:17,перешел в status FINISHED
3,12:28,запустил test
3,12:30,стартовал grafana
3,12:42,перешел в status FINISHED
4,09:22,запустил test
4,09:24,стартовал grafana
4,09:37,перешел в status FINISHED
4,19:35,команда создана в графане
4,19:35,подписка для команды создана
4,19:35,команда создана
4,19:35,зарегистрировался
5,00:13,команда создана в графане
5,00:13,команда создана
5,00:13,подписка для команды создана
5,00:13,зарегистрировался
5,23:50,запустил test
5,23:52,стартовал grafana
5,23:54,перешел в status FINISHED
6,14:14,обновил подписку
6,14:15,обновил подписку
7,00:21,запустил test
7,00:22,стартовал grafana
7,00:30,перешел в status FAILED
7,00:43,запустил test
7,00:44,стартовал grafana
7,00:52,перешел в status FAILED
7,00:57,запустил test
7,00:58,стартовал grafana
7,00:58,перешел в status FINISHED
7,13:34,запустил test
7,13:34,стартовал grafana
7,13:42,перешел в status FAILED
7,13:58,запустил test
7,13:58,стартовал grafana
7,14:09,перешел в status FAILED
7,14:12,запустил test
7,14:14,стартовал grafana
7,14:47,перешел в status FINISHED
7,15:19,запустил test
7,15:21,стартовал grafana
7,15:38,перешел в status TEST_STOPPING
7,15:38,перешел в status CANCELED
7,15:39,запустил test
7,15:39,стартовал grafana
7,15:53,перешел в status TEST_STOPPING
7,15:53,перешел в status CANCELED
7,15:53,запустил test
7,15:53,запустил test
7,15:53,стартовал grafana
7,15:53,стартовал grafana
7,16:01,перешел в status TEST_STOPPING
7,16:01,перешел в status CANCELED
7,16:02,запустил test
7,16:02,стартовал grafana
7,16:05,команда создана в графане
7,16:05,подписка для команды создана
7,16:05,команда создана
7,16:05,зарегистрировался
7,16:31,перешел в status FINISHED
7,16:38,перешел в status FINISHED
8,06:52,запустил test
8,06:55,стартовал grafana
8,07:03,перешел в status TEST_STOPPING
8,07:03,перешел в status CANCELED
8,07:33,запустил test
8,07:38,стартовал grafana
8,07:39,перешел в status TEST_STOPPING
8,07:39,перешел в status CANCELED
8,07:40,запустил test
8,07:44,стартовал grafana
8,07:46,перешел в status TEST_STOPPING
8,07:46,перешел в status CANCELED
8,07:52,запустил test
8,07:54,стартовал grafana
8,08:11,перешел в status TEST_STOPPING
8,08:11,перешел в status CANCELED
8,08:11,запустил test
8,08:12,стартовал grafana
8,08:47,перешел в status FINISHED
8,09:18,запустил test
8,09:20,стартовал grafana
8,09:38,перешел в status TEST_STOPPING
8,09:38,перешел в status CANCELED
8,09:39,запустил test
8,09:42,стартовал grafana
8,09:46,перешел в status TEST_STOPPING
8,09:46,перешел в status CANCELED
8,09:46,запустил test
8,09:47,стартовал grafana
8,09:53,перешел в status TEST_STOPPING
8,09:53,перешел в status CANCELED
8,10:04,запустил test
8,10:04,запустил test
8,10:04,стартовал grafana
8,10:04,запустил test
8,10:04,запустил test
8,10:04,стартовал grafana
8,10:05,стартовал grafana
8,10:06,стартовал grafana
8,10:11,перешел в status TEST_STOPPING
8,10:11,перешел в status CANCELED
8,10:11,перешел в status TEST_STOPPING
8,10:11,перешел в status CANCELED
8,10:11,перешел в status TEST_STOPPING
8,10:11,перешел в status CANCELED
8,10:12,перешел в status TEST_STOPPING
8,10:12,перешел в status CANCELED
8,10:14,запустил test
8,10:14,запустил test
8,10:14,стартовал grafana
8,10:14,запустил test
8,10:14,стартовал grafana
8,10:14,стартовал grafana
8,10:14,запустил test
8,10:15,стартовал grafana
8,10:18,перешел в status TEST_STOPPING
8,10:18,перешел в status CANCELED
8,10:18,перешел в status TEST_STOPPING
8,10:18,перешел в status CANCELED
8,10:18,перешел в status TEST_STOPPING
8,10:18,перешел в status CANCELED
8,10:18,перешел в status TEST_STOPPING
8,10:18,перешел в status CANCELED
8,10:19,запустил test
8,10:20,стартовал grafana
8,10:20,запустил test
8,10:20,запустил test
8,10:20,стартовал grafana
8,10:20,стартовал grafana
8,10:20,запустил test
8,10:20,стартовал grafana
8,10:22,перешел в status TEST_STOPPING
8,10:22,перешел в status CANCELED
8,10:22,перешел в status TEST_STOPPING
8,10:22,перешел в status CANCELED
8,10:22,перешел в status TEST_STOPPING
8,10:22,перешел в status CANCELED
8,10:22,перешел в status TEST_STOPPING
8,10:22,перешел в status CANCELED
8,10:23,запустил test
8,10:24,запустил test
8,10:24,запустил test
8,10:24,запустил test
8,10:24,стартовал grafana
8,10:24,стартовал grafana
8,10:24,стартовал grafana
8,10:24,стартовал grafana
8,10:26,перешел в status TEST_STOPPING
8,10:26,перешел в status CANCELED
8,10:26,перешел в status TEST_STOPPING
8,10:26,перешел в status CANCELED
8,10:26,перешел в status TEST_STOPPING
8,10:26,перешел в status CANCELED
8,10:27,перешел в status TEST_STOPPING
8,10:27,перешел в status CANCELED
8,10:27,запустил test
8,10:27,стартовал grafana
8,10:29,запустил test
8,10:30,стартовал grafana
8,10:32,запустил test
8,10:32,стартовал grafana
8,10:34,перешел в status TEST_STOPPING
8,10:34,перешел в status CANCELED
8,10:35,запустил test
8,10:35,стартовал grafana
8,10:40,перешел в status TEST_STOPPING
8,10:40,перешел в status CANCELED
8,10:41,перешел в status TEST_STOPPING
8,10:41,перешел в status CANCELED
8,10:41,перешел в status TEST_STOPPING
8,10:41,перешел в status CANCELED
8,10:43,запустил test
8,10:43,запустил test
8,10:43,запустил test
8,10:43,запустил test
8,10:45,стартовал grafana
8,10:45,стартовал grafana
8,10:45,стартовал grafana
8,10:45,стартовал grafana
8,10:48,перешел в status TEST_STOPPING
8,10:48,перешел в status CANCELED
8,10:48,перешел в status TEST_STOPPING
8,10:48,перешел в status CANCELED
8,10:48,перешел в status TEST_STOPPING
8,10:48,перешел в status CANCELED
8,10:48,перешел в status TEST_STOPPING
8,10:48,перешел в status CANCELED
8,10:50,запустил test
8,10:50,запустил test
8,10:50,запустил test
8,10:50,стартовал grafana
8,10:50,стартовал grafana
8,10:50,запустил test
8,10:52,стартовал grafana
8,10:53,стартовал grafana
8,10:54,перешел в status TEST_STOPPING
8,10:54,перешел в status CANCELED
8,10:54,запустил test
8,10:56,стартовал grafana
8,10:58,перешел в status TEST_STOPPING
8,10:58,перешел в status CANCELED
8,10:58,перешел в status TEST_STOPPING
8,10:58,перешел в status CANCELED
8,10:58,перешел в status TEST_STOPPING
8,10:58,перешел в status CANCELED
8,10:58,перешел в status TEST_STOPPING
8,10:58,перешел в status CANCELED
8,11:07,запустил test
8,11:07,запустил test
8,11:07,запустил test
8,11:07,запустил test
8,11:07,запустил test
8,11:09,стартовал grafana
8,11:09,стартовал grafana
8,11:09,стартовал grafana
8,11:09,стартовал grafana
8,11:12,стартовал grafana
8,11:14,перешел в status TEST_STOPPING
8,11:14,перешел в status CANCELED
8,11:14,перешел в status TEST_STOPPING
8,11:14,перешел в status CANCELED
8,11:14,перешел в status TEST_STOPPING
8,11:14,перешел в status CANCELED
8,11:14,перешел в status TEST_STOPPING
8,11:14,перешел в status CANCELED
8,11:14,перешел в status TEST_STOPPING
8,11:14,перешел в status CANCELED
8,11:15,запустил test
8,11:15,запустил test
8,11:15,запустил test
8,11:15,запустил test
8,11:15,запустил test
8,11:15,стартовал grafana
8,11:15,стартовал grafana
8,11:17,стартовал grafana
8,11:18,стартовал grafana
8,11:18,стартовал grafana
8,11:22,перешел в status TEST_STOPPING
8,11:22,перешел в status CANCELED
8,11:23,перешел в status TEST_STOPPING
8,11:23,перешел в status CANCELED
8,11:23,перешел в status TEST_STOPPING
8,11:23,перешел в status CANCELED
8,11:23,перешел в status TEST_STOPPING
8,11:23,перешел в status CANCELED
8,11:23,перешел в status TEST_STOPPING
8,11:23,перешел в status CANCELED
8,11:41,запустил test
8,11:41,запустил test
8,11:41,запустил test
8,11:41,запустил test
8,11:41,запустил test
8,11:43,стартовал grafana
8,11:43,стартовал grafana
8,11:44,стартовал grafana
8,11:44,стартовал grafana
8,11:44,стартовал grafana
8,11:58,перешел в status TEST_STOPPING
8,11:58,перешел в status CANCELED
8,11:58,перешел в status TEST_STOPPING
8,11:58,перешел в status CANCELED
8,11:58,перешел в status TEST_STOPPING
8,11:58,перешел в status CANCELED
8,11:58,перешел в status TEST_STOPPING
8,11:58,перешел в status CANCELED
8,11:58,перешел в status CANCELED
8,11:58,перешел в status TEST_STOPPING
9,00:10,запустил test
9,00:10,запустил test
9,00:10,запустил test
9,00:10,запустил test
9,00:10,стартовал grafana
9,00:10,стартовал grafana
9,00:10,запустил test
9,00:12,стартовал grafana
9,00:12,стартовал grafana
9,00:12,стартовал grafana
9,00:16,перешел в status TEST_STOPPING
9,00:16,перешел в status CANCELED
9,00:16,перешел в status TEST_STOPPING
9,00:16,перешел в status CANCELED
9,00:16,перешел в status TEST_STOPPING
9,00:16,перешел в status CANCELED
9,00:16,перешел в status TEST_STOPPING
9,00:16,перешел в status CANCELED
9,00:16,перешел в status TEST_STOPPING
9,00:16,перешел в status CANCELED
9,00:39,запустил test
9,00:39,запустил test
9,00:39,запустил test
9,00:39,запустил test
9,00:39,запустил test
9,00:42,стартовал grafana
9,00:42,стартовал grafana
9,00:42,стартовал grafana
9,00:42,стартовал grafana
9,00:42,стартовал grafana
9,00:46,перешел в status TEST_STOPPING
9,00:46,перешел в status CANCELED
9,00:46,перешел в status TEST_STOPPING
9,00:46,перешел в status CANCELED
9,00:46,перешел в status TEST_STOPPING
9,00:46,перешел в status CANCELED
9,00:46,перешел в status TEST_STOPPING
9,00:46,перешел в status CANCELED
9,00:46,перешел в status TEST_STOPPING
9,00:46,перешел в status CANCELED
9,00:50,запустил test
9,00:50,запустил test
9,00:50,запустил test
9,00:50,запустил test
9,00:50,запустил test
9,00:50,стартовал grafana
9,00:50,стартовал grafana
9,00:50,стартовал grafana
9,00:50,стартовал grafana
9,00:50,стартовал grafana
9,00:51,перешел в status FAILED
9,00:51,перешел в status FAILED
9,00:51,перешел в status FAILED
9,00:51,перешел в status FAILED
9,00:51,перешел в status FAILED
9,13:00,запустил test
9,13:00,запустил test
9,13:00,запустил test
9,13:00,запустил test
9,13:00,запустил test
9,13:00,стартовал grafana
9,13:00,стартовал grafana
9,13:01,стартовал grafana
9,13:02,стартовал grafana
9,13:02,стартовал grafana
9,13:05,перешел в status TEST_STOPPING
9,13:05,перешел в status CANCELED
9,13:05,перешел в status TEST_STOPPING
9,13:05,перешел в status CANCELED
9,13:05,перешел в status TEST_STOPPING
9,13:05,перешел в status CANCELED
9,13:05,перешел в status TEST_STOPPING
9,13:05,перешел в status CANCELED
9,13:05,перешел в status TEST_STOPPING
9,13:05,перешел в status CANCELED
9,13:07,запустил test
9,13:07,запустил test
9,13:07,запустил test
9,13:07,запустил test
9,13:07,запустил test
9,13:07,стартовал grafana
9,13:07,стартовал grafana
9,13:07,стартовал grafana
9,13:09,стартовал grafana
9,13:09,стартовал grafana
9,13:17,перешел в status TEST_STOPPING
9,13:17,перешел в status CANCELED
9,13:17,перешел в status TEST_STOPPING
9,13:17,перешел в status CANCELED
9,13:17,перешел в status TEST_STOPPING
9,13:17,перешел в status CANCELED
9,13:17,перешел в status TEST_STOPPING
9,13:17,перешел в status CANCELED
9,13:17,перешел в status TEST_STOPPING
9,13:17,перешел в status CANCELED
9,13:18,запустил test
9,13:18,запустил test
9,13:18,запустил test
9,13:18,стартовал grafana
9,13:20,стартовал grafana
9,13:22,стартовал grafana
9,13:24,перешел в status TEST_STOPPING
9,13:24,перешел в status CANCELED
9,13:24,перешел в status CANCELED
9,13:24,перешел в status TEST_STOPPING
9,13:24,перешел в status TEST_STOPPING
9,13:24,перешел в status CANCELED
9,13:25,запустил test
9,13:25,запустил test
9,13:25,запустил test
9,13:25,стартовал grafana
9,13:25,стартовал grafana
9,13:27,стартовал grafana
9,13:30,перешел в status TEST_STOPPING
9,13:30,перешел в status CANCELED
9,13:30,перешел в status TEST_STOPPING
9,13:30,перешел в status CANCELED
9,13:30,перешел в status TEST_STOPPING
9,13:30,перешел в status CANCELED
9,13:32,запустил test
9,13:32,запустил test
9,13:32,запустил test
9,13:32,стартовал grafana
9,13:33,стартовал grafana
9,13:36,стартовал grafana
9,13:38,перешел в status TEST_STOPPING
9,13:38,перешел в status CANCELED
9,13:39,запустил test
9,13:41,стартовал grafana
9,13:48,перешел в status TEST_STOPPING
9,13:48,перешел в status CANCELED
9,13:49,перешел в status TEST_STOPPING
9,13:49,перешел в status CANCELED
9,13:49,перешел в status TEST_STOPPING
9,13:49,перешел в status CANCELED
9,13:50,запустил test
9,13:50,запустил test
9,13:50,запустил test
9,13:52,стартовал grafana
9,13:52,стартовал grafana
9,13:52,стартовал grafana
9,13:54,перешел в status TEST_STOPPING
9,13:54,перешел в status CANCELED
9,13:54,перешел в status TEST_STOPPING
9,13:54,перешел в status CANCELED
9,13:54,перешел в status TEST_STOPPING
9,13:54,перешел в status CANCELED
9,13:56,запустил test
9,13:56,запустил test
9,13:56,запустил test
9,13:57,стартовал grafana
9,13:57,стартовал grafana
9,13:57,стартовал grafana
9,14:00,перешел в status TEST_STOPPING
9,14:00,перешел в status CANCELED
9,14:00,перешел в status TEST_STOPPING
9,14:00,перешел в status CANCELED
9,14:00,перешел в status TEST_STOPPING
9,14:00,перешел в status CANCELED
9,14:01,запустил test
9,14:01,запустил test
9,14:01,запустил test
9,14:01,стартовал grafana
9,14:01,стартовал grafana
9,14:01,стартовал grafana
9,14:04,перешел в status TEST_STOPPING
9,14:04,перешел в status CANCELED
9,14:05,перешел в status TEST_STOPPING
9,14:05,перешел в status CANCELED
9,14:05,перешел в status TEST_STOPPING
9,14:05,перешел в status CANCELED
9,14:05,запустил test
9,14:05,запустил test
9,14:05,запустил test
9,14:06,стартовал grafana
9,14:07,стартовал grafana
9,14:08,стартовал grafana
9,14:27,перешел в status FINISHED
9,14:29,перешел в status FINISHED
9,14:29,перешел в status FINISHED
9,14:31,запустил test
9,14:35,стартовал grafana
9,14:40,перешел в status TEST_STOPPING
9,14:40,перешел в status CANCELED
9,14:40,запустил test
9,14:40,запустил test
9,14:40,запустил test
9,14:42,стартовал grafana
9,14:42,стартовал grafana
9,14:42,стартовал grafana
9,14:46,перешел в status TEST_STOPPING
9,14:46,перешел в status CANCELED
9,14:46,перешел в status TEST_STOPPING
9,14:46,перешел в status CANCELED
9,14:46,перешел в status TEST_STOPPING
9,14:46,перешел в status CANCELED
9,14:47,запустил test
9,14:47,запустил test
9,14:47,запустил test
9,14:51,стартовал grafana
9,14:51,стартовал grafana
9,14:51,стартовал grafana
9,14:54,перешел в status TEST_STOPPING
9,14:54,перешел в status CANCELED
9,14:54,перешел в status TEST_STOPPING
9,14:54,перешел в status CANCELED
9,14:54,перешел в status TEST_STOPPING
9,14:54,перешел в status CANCELED
9,14:57,запустил test
9,14:57,запустил test
9,14:57,запустил test
9,14:57,запустил test
9,15:00,стартовал grafana
9,15:00,стартовал grafana
9,15:00,стартовал grafana
9,15:00,стартовал grafana
9,15:02,запустил test
9,15:02,перешел в status TEST_STOPPING
9,15:02,перешел в status CANCELED
9,15:02,перешел в status TEST_STOPPING
9,15:02,перешел в status CANCELED
9,15:02,перешел в status TEST_STOPPING
9,15:02,перешел в status CANCELED
9,15:02,перешел в status TEST_STOPPING
9,15:02,перешел в status CANCELED
9,15:04,запустил test
9,15:04,запустил test
9,15:04,запустил test
9,15:04,стартовал grafana
9,15:04,запустил test
9,15:06,стартовал grafana
9,15:06,стартовал grafana
9,15:06,стартовал grafana
9,15:07,стартовал grafana
9,15:09,перешел в status TEST_STOPPING
9,15:09,перешел в status CANCELED
9,15:09,перешел в status TEST_STOPPING
9,15:09,перешел в status CANCELED
9,15:09,перешел в status TEST_STOPPING
9,15:09,перешел в status CANCELED
9,15:09,перешел в status TEST_STOPPING
9,15:09,перешел в status CANCELED
9,15:11,запустил test
9,15:11,запустил test
9,15:11,запустил test
9,15:11,запустил test
9,15:11,стартовал grafana
9,15:11,стартовал grafana
9,15:11,стартовал grafana
9,15:11,стартовал grafana
9,15:14,перешел в status TEST_STOPPING
9,15:14,перешел в status CANCELED
9,15:14,перешел в status TEST_STOPPING
9,15:14,перешел в status CANCELED
9,15:14,перешел в status TEST_STOPPING
9,15:14,перешел в status CANCELED
9,15:14,перешел в status TEST_STOPPING
9,15:14,перешел в status CANCELED
9,15:15,запустил test
9,15:15,запустил test
9,15:15,запустил test
9,15:16,запустил test
9,15:16,стартовал grafana
9,15:16,стартовал grafana
9,15:16,стартовал grafana
9,15:16,стартовал grafana
9,15:16,перешел в status FINISHED
9,15:17,перешел в status TEST_STOPPING
9,15:17,перешел в status CANCELED
9,15:17,перешел в status TEST_STOPPING
9,15:17,перешел в status CANCELED
9,15:17,перешел в status TEST_STOPPING
9,15:17,перешел в status CANCELED
9,15:17,перешел в status TEST_STOPPING
9,15:17,перешел в status CANCELED
9,15:19,запустил test
9,15:19,запустил test
9,15:19,запустил test
9,15:19,запустил test
9,15:21,стартовал grafana
9,15:21,стартовал grafana
9,15:21,стартовал grafana
9,15:21,стартовал grafana
9,15:24,перешел в status TEST_STOPPING
9,15:24,перешел в status CANCELED
9,15:24,перешел в status TEST_STOPPING
9,15:24,перешел в status CANCELED
9,15:25,перешел в status TEST_STOPPING
9,15:25,перешел в status CANCELED
9,15:25,перешел в status TEST_STOPPING
9,15:25,перешел в status CANCELED
9,15:25,запустил test
9,15:25,запустил test
9,15:25,запустил test
9,15:25,запустил test
9,15:26,стартовал grafana
9,15:26,стартовал grafana
9,15:26,стартовал grafana
9,15:26,стартовал grafana
9,15:40,перешел в status TEST_STOPPING
9,15:40,перешел в status CANCELED
9,15:40,перешел в status TEST_STOPPING
9,15:40,перешел в status CANCELED
9,15:40,перешел в status TEST_STOPPING
9,15:40,перешел в status CANCELED
9,15:40,перешел в status TEST_STOPPING
9,15:40,перешел в status CANCELED
9,15:48,запустил test
9,15:48,стартовал grafana
9,15:51,перешел в status TEST_STOPPING
9,15:51,перешел в status CANCELED
9,15:52,запустил test
9,15:52,стартовал grafana
9,15:54,перешел в status TEST_STOPPING
9,15:54,перешел в status CANCELED
9,15:57,запустил test
9,15:57,запустил test
9,15:57,запустил test
9,15:57,стартовал grafana
9,15:59,стартовал grafana
9,15:59,стартовал grafana
9,16:15,перешел в status FINISHED
9,16:17,перешел в status FINISHED
9,16:17,перешел в status FINISHED
9,16:20,запустил test
9,16:20,запустил test
9,16:20,запустил test
9,16:21,стартовал grafana
9,16:21,перешел в status TEST_STOPPING
9,16:21,перешел в status CANCELED
9,16:21,перешел в status TEST_STOPPING
9,16:21,перешел в status CANCELED
9,16:21,перешел в status TEST_STOPPING
9,16:21,перешел в status CANCELED
9,16:23,запустил test
9,16:23,запустил test
9,16:23,запустил test
9,16:23,стартовал grafana
9,16:24,перешел в status TEST_STOPPING
9,16:24,перешел в status CANCELED
9,16:24,перешел в status TEST_STOPPING
9,16:24,перешел в status CANCELED
9,16:24,перешел в status TEST_STOPPING
9,16:24,перешел в status CANCELED
9,16:33,запустил test
9,16:33,запустил test
9,16:33,запустил test
9,16:33,стартовал grafana
9,16:35,стартовал grafana
9,16:35,стартовал grafana
9,16:51,перешел в status FINISHED
9,16:53,перешел в status FINISHED
9,16:53,перешел в status FINISHED
9,17:17,запустил test
9,17:17,перешел в status TEST_STOPPING
9,17:17,перешел в status CANCELED
9,17:18,запустил test
9,17:21,стартовал grafana
9,17:22,перешел в status TEST_STOPPING
9,17:22,перешел в status CANCELED
9,17:27,запустил test
9,17:28,стартовал grafana
9,17:56,перешел в status FINISHED
9,17:57,запустил test
9,17:57,запустил test
9,17:57,запустил test
9,17:57,стартовал grafana
9,17:57,запустил test
9,17:59,стартовал grafana
9,17:59,стартовал grafana
9,17:59,стартовал grafana
9,18:18,перешел в status FINISHED
9,18:20,перешел в status FINISHED
9,18:20,перешел в status FINISHED
9,18:20,перешел в status FINISHED
10,11:49,команда создана в графане
10,11:49,команда создана
10,11:49,зарегистрировался
10,11:49,подписка для команды создана
11,00:11,запустил test
11,00:13,стартовал grafana
11,00:18,перешел в status TEST_STOPPING
11,00:18,перешел в status CANCELED
11,17:22,запустил test
11,17:22,стартовал grafana
11,17:22,запустил test
11,17:25,стартовал grafana
11,17:26,перешел в status TEST_STOPPING
11,17:26,перешел в status CANCELED
11,17:26,перешел в status TEST_STOPPING
11,17:26,перешел в status CANCELED
11,18:47,запустил test
11,18:47,стартовал grafana
11,18:50,запустил test
11,18:53,стартовал grafana
11,18:53,запустил test
11,18:53,стартовал grafana
11,18:58,перешел в status TEST_STOPPING
11,18:58,перешел в status CANCELED
11,18:58,перешел в status TEST_STOPPING
11,18:58,перешел в status CANCELED
11,18:58,перешел в status TEST_STOPPING
11,18:58,перешел в status CANCELED
12,09:31,обновил подписку
12,13:33,команда создана в графане
12,13:33,подписка для команды создана
12,13:33,команда создана
12,13:33,зарегистрировался
12,13:59,команда создана в графане
12,13:59,подписка для команды создана
12,13:59,зарегистрировался
12,13:59,команда создана
12,17:16,запустил test
12,17:17,стартовал grafana
12,17:23,перешел в status FINISHED
13,07:08,запустил test
13,07:09,стартовал grafana
13,07:42,перешел в status FINISHED
13,07:57,запустил test
13,07:57,запустил test
13,07:57,запустил test
13,07:57,запустил test
13,07:59,стартовал grafana
13,07:59,стартовал grafana
13,07:59,стартовал grafana
13,08:00,стартовал grafana
13,08:18,перешел в status TEST_STOPPING
13,08:18,перешел в status CANCELED
13,08:18,перешел в status TEST_STOPPING
13,08:18,перешел в status CANCELED
13,08:18,перешел в status TEST_STOPPING
13,08:18,перешел в status CANCELED
13,08:18,перешел в status TEST_STOPPING
13,08:18,перешел в status CANCELED
13,08:34,запустил test
13,08:34,перешел в status TEST_STOPPING
13,08:35,перешел в status FAILED
13,20:48,запустил test
13,20:48,стартовал grafana
13,20:48,запустил test
13,20:49,запустил test
13,20:51,стартовал grafana
13,20:51,стартовал grafana
13,20:59,перешел в status TEST_STOPPING
13,20:59,перешел в status CANCELED
13,21:01,перешел в status TEST_STOPPING
13,21:01,перешел в status CANCELED
13,21:02,перешел в status TEST_STOPPING
13,21:02,перешел в status CANCELED
13,21:03,запустил test
13,21:04,стартовал grafana
13,21:04,запустил test
13,21:04,стартовал grafana
13,21:04,запустил test
13,21:05,стартовал grafana
13,21:09,перешел в status TEST_STOPPING
13,21:09,перешел в status CANCELED
13,21:10,запустил test
13,21:10,стартовал grafana
13,21:12,перешел в status TEST_STOPPING
13,21:12,перешел в status CANCELED
13,21:13,перешел в status TEST_STOPPING
13,21:13,перешел в status CANCELED
13,21:13,перешел в status TEST_STOPPING
13,21:13,перешел в status CANCELED
13,21:33,запустил test
13,21:33,запустил test
13,21:33,запустил test
13,21:33,стартовал grafana
13,21:36,стартовал grafana
13,21:36,стартовал grafana
13,22:09,перешел в status FINISHED
13,22:11,перешел в status FINISHED
13,22:11,перешел в status FINISHED
14,00:48,запустил test
14,00:48,запустил test
14,00:48,запустил test
14,00:50,стартовал grafana
14,00:50,стартовал grafana
14,00:50,стартовал grafana
14,13:25,перешел в status FINISHED
14,13:26,перешел в status FINISHED
14,13:26,перешел в status FINISHED
14,14:02,запустил test
14,14:02,запустил test
14,14:02,запустил test
14,14:04,стартовал grafana
14,14:04,стартовал grafana
14,14:04,стартовал grafana
14,14:45,запустил test
14,14:45,запустил test
14,14:45,запустил test
14,14:45,запустил test
14,14:45,стартовал grafana
14,14:45,стартовал grafana
14,14:45,стартовал grafana
14,14:45,стартовал grafana
14,14:46,перешел в status FINISHED
14,14:46,перешел в status FINISHED
14,14:46,перешел в status FINISHED
14,14:49,перешел в status TEST_STOPPING
14,14:49,перешел в status CANCELED
14,14:49,перешел в status TEST_STOPPING
14,14:49,перешел в status CANCELED
14,14:49,перешел в status TEST_STOPPING
14,14:49,перешел в status CANCELED
14,14:49,перешел в status TEST_STOPPING
14,14:49,перешел в status CANCELED
14,14:51,запустил test
14,14:51,запустил test
14,14:52,запустил test
14,14:52,запустил test
14,14:52,стартовал grafana
14,14:53,стартовал grafana
14,14:53,стартовал grafana
14,14:53,стартовал grafana
14,15:13,перешел в status FINISHED
14,15:14,перешел в status FINISHED
14,15:15,перешел в status FINISHED
14,15:15,перешел в status FINISHED
14,16:04,запустил test
14,16:04,запустил test
14,16:04,запустил test
14,16:07,стартовал grafana
14,16:07,стартовал grafana
14,16:07,стартовал grafana
14,16:42,перешел в status FINISHED
14,16:43,перешел в status FINISHED
14,16:43,перешел в status FINISHED
14,16:44,запустил test
14,16:44,запустил test
14,16:44,запустил test
14,16:44,стартовал grafana
14,16:46,стартовал grafana
14,16:46,стартовал grafana
14,17:05,перешел в status TEST_STOPPING
14,17:05,перешел в status CANCELED
14,17:05,перешел в status TEST_STOPPING
14,17:05,перешел в status CANCELED
14,17:05,перешел в status TEST_STOPPING
14,17:05,перешел в status CANCELED
14,17:06,запустил test
14,17:06,запустил test
14,17:06,запустил test
14,17:06,стартовал grafana
14,17:06,стартовал grafana
14,17:06,стартовал grafana
14,17:10,перешел в status TEST_STOPPING
14,17:10,перешел в status CANCELED
14,17:10,перешел в status TEST_STOPPING
14,17:10,перешел в status CANCELED
14,17:10,перешел в status TEST_STOPPING
14,17:10,перешел в status CANCELED
14,17:10,запустил test
14,17:10,запустил test
14,17:10,запустил test
14,17:11,стартовал grafana
14,17:13,стартовал grafana
14,17:13,стартовал grafana
14,17:46,перешел в status FINISHED
14,17:48,перешел в status FINISHED
14,17:48,перешел в status FINISHED
14,20:54,команда создана в графане
14,20:54,команда создана
14,20:54,подписка для команды создана
14,20:54,зарегистрировался
15,18:01,команда создана в графане
15,18:01,команда создана
15,18:01,подписка для команды создана
15,18:01,зарегистрировался
16,12:47,команда создана в графане
16,12:47,подписка для команды создана
16,12:47,зарегистрировался
16,12:47,команда создана
16,14:20,запустил test
16,14:22,стартовал grafana
16,14:29,перешел в status FINISHED
16,14:41,запустил test
16,14:41,перешел в status TEST_STOPPING
16,14:42,перешел в status FAILED
16,18:00,запустил test
16,18:00,запустил test
16,18:00,запустил test
16,18:03,стартовал grafana
16,18:03,стартовал grafana
16,18:03,стартовал grafana
16,18:04,перешел в status TEST_STOPPING
16,18:04,перешел в status CANCELED
16,18:04,перешел в status TEST_STOPPING
16,18:04,перешел в status CANCELED
16,18:04,перешел в status TEST_STOPPING
16,18:04,перешел в status CANCELED
16,18:05,запустил test
16,18:05,запустил test
16,18:05,запустил test
16,18:05,стартовал grafana
16,18:05,стартовал grafana
16,18:05,стартовал grafana
16,18:06,перешел в status TEST_STOPPING
16,18:06,перешел в status CANCELED
16,18:07,перешел в status TEST_STOPPING
16,18:07,перешел в status CANCELED
16,18:07,перешел в status TEST_STOPPING
16,18:07,перешел в status CANCELED
16,18:07,запустил test
16,18:07,запустил test
16,18:07,запустил test
16,18:08,стартовал grafana
16,18:08,стартовал grafana
16,18:08,стартовал grafana
16,18:27,перешел в status TEST_STOPPING
16,18:27,перешел в status CANCELED
16,18:27,перешел в status TEST_STOPPING
16,18:27,перешел в status CANCELED
16,18:27,перешел в status TEST_STOPPING
16,18:27,перешел в status CANCELED
16,18:29,запустил test
16,18:29,запустил test
16,18:29,запустил test
16,18:29,стартовал grafana
16,18:29,стартовал grafana
16,18:29,стартовал grafana
16,18:32,перешел в status TEST_STOPPING
16,18:32,перешел в status CANCELED
16,18:32,перешел в status TEST_STOPPING
16,18:32,перешел в status CANCELED
16,18:32,перешел в status TEST_STOPPING
16,18:32,перешел в status CANCELED
16,18:39,запустил test
16,18:39,запустил test
16,18:39,запустил test
16,18:39,стартовал grafana
16,18:39,стартовал grafana
16,18:39,стартовал grafana
16,18:42,перешел в status TEST_STOPPING
16,18:42,перешел в status CANCELED
16,18:42,перешел в status TEST_STOPPING
16,18:42,перешел в status CANCELED
16,18:42,перешел в status TEST_STOPPING
16,18:42,перешел в status CANCELED
16,18:43,запустил test
16,18:43,запустил test
16,18:43,запустил test
16,18:43,стартовал grafana
16,18:43,стартовал grafana
16,18:43,стартовал grafana
16,18:47,перешел в status TEST_STOPPING
16,18:47,перешел в status CANCELED
16,18:47,перешел в status TEST_STOPPING
16,18:47,перешел в status CANCELED
16,18:47,перешел в status TEST_STOPPING
16,18:47,перешел в status CANCELED
16,18:49,запустил test
16,18:49,запустил test
16,18:49,запустил test
16,18:49,стартовал grafana
16,18:49,стартовал grafana
16,18:49,стартовал grafana
16,18:51,перешел в status TEST_STOPPING
16,18:51,перешел в status CANCELED
16,18:51,перешел в status TEST_STOPPING
16,18:51,перешел в status CANCELED
16,18:51,перешел в status TEST_STOPPING
16,18:51,перешел в status CANCELED
16,18:53,запустил test
16,18:53,запустил test
16,18:53,запустил test
16,18:53,стартовал grafana
16,18:53,стартовал grafana
16,18:53,стартовал grafana
16,18:56,перешел в status TEST_STOPPING
16,18:56,перешел в status CANCELED
16,18:56,перешел в status TEST_STOPPING
16,18:56,перешел в status CANCELED
16,18:56,перешел в status TEST_STOPPING
16,18:56,перешел в status CANCELED
16,18:58,запустил test
16,18:58,запустил test
16,18:58,стартовал grafana
16,18:58,запустил test
16,18:58,стартовал grafana
16,18:58,стартовал grafana
16,19:00,перешел в status TEST_STOPPING
16,19:00,перешел в status CANCELED
16,19:00,перешел в status TEST_STOPPING
16,19:00,перешел в status CANCELED
16,19:00,перешел в status TEST_STOPPING
16,19:00,перешел в status CANCELED
16,19:01,запустил test
16,19:01,запустил test
16,19:01,запустил test
16,19:01,стартовал grafana
16,19:01,стартовал grafana
16,19:01,стартовал grafana
16,19:03,перешел в status TEST_STOPPING
16,19:03,перешел в status CANCELED
16,19:03,перешел в status TEST_STOPPING
16,19:03,перешел в status CANCELED
16,19:03,перешел в status TEST_STOPPING
16,19:03,перешел в status CANCELED
16,19:05,запустил test
16,19:05,запустил test
16,19:05,запустил test
16,19:05,стартовал grafana
16,19:05,стартовал grafana
16,19:05,стартовал grafana
16,19:10,перешел в status TEST_STOPPING
16,19:10,перешел в status CANCELED
16,19:10,перешел в status TEST_STOPPING
16,19:10,перешел в status CANCELED
16,19:10,перешел в status TEST_STOPPING
16,19:10,перешел в status CANCELED
16,19:13,запустил test
16,19:13,запустил test
16,19:13,запустил test
16,19:13,стартовал grafana
16,19:13,стартовал grafana
16,19:13,стартовал grafana
16,19:48,перешел в status FINISHED
16,19:48,перешел в status FINISHED
16,19:48,перешел в status FINISHED
17,05:17,запустил test
17,05:17,запустил test
17,05:17,запустил test
17,05:20,стартовал grafana
17,05:20,стартовал grafana
17,05:20,стартовал grafana
17,05:55,перешел в status FINISHED
17,05:55,перешел в status FINISHED
17,05:55,перешел в status FINISHED
17,08:42,запустил test
17,08:44,стартовал grafana
17,08:49,перешел в status FINISHED
17,14:30,запустил test
17,14:31,перешел в status TEST_STOPPING
17,14:31,перешел в status FAILED
17,14:32,запустил test
17,14:33,стартовал grafana
17,14:38,перешел в status FINISHED
17,14:54,запустил test
17,15:02,стартовал grafana
17,15:37,перешел в status FINISHED
18,08:21,запустил test
18,08:21,запустил test
18,08:21,запустил test
18,08:24,стартовал grafana
18,08:24,стартовал grafana
18,08:24,стартовал grafana
18,08:45,команда создана в графане
18,08:45,подписка для команды создана
18,08:45,команда создана
18,08:45,зарегистрировался
18,09:00,перешел в status FINISHED
18,09:00,перешел в status FINISHED
18,09:00,перешел в status FINISHED
18,21:22,команда создана в графане
18,21:22,подписка для команды создана
18,21:22,команда создана
18,21:22,зарегистрировался
19,08:37,команда создана в графане
19,08:37,подписка для команды создана
19,08:37,команда создана
19,08:37,зарегистрировался
19,08:42,запустил test
19,08:44,стартовал grafana
19,08:56,перешел в status FINISHED
20,08:22,команда создана в графане
20,08:22,команда создана
20,08:22,подписка для команды создана
20,08:22,зарегистрировался
20,13:31,запустил test
20,13:33,стартовал grafana
20,13:38,перешел в status FINISHED
20,13:41,запустил test
20,13:43,стартовал grafana
20,13:44,перешел в status FAILED
20,14:14,запустил test
20,14:17,стартовал grafana
20,14:17,перешел в status FAILED
20,14:40,запустил test
20,14:41,стартовал grafana
20,14:42,перешел в status FINISHED
20,23:22,команда создана в графане
20,23:22,команда создана
20,23:22,подписка для команды создана
20,23:22,зарегистрировался
21,10:42,команда создана в графане
21,10:42,подписка для команды создана
21,10:42,команда создана
21,10:42,зарегистрировался
21,10:44,команда создана в графане
21,10:44,команда создана
21,10:44,подписка для команды создана
22,00:15,запустил test
22,00:17,стартовал grafana
22,00:17,перешел в status FINISHED
22,22:30,команда создана в графане
22,22:30,команда создана
22,22:30,подписка для команды создана
22,22:30,зарегистрировался
22,22:34,запустил test
22,22:36,стартовал grafana
22,22:38,перешел в status FINISHED
23,11:33,запустил test
23,11:34,стартовал grafana
23,11:39,перешел в status FINISHED
24,00:13,запустил test
24,00:14,стартовал grafana
24,00:16,перешел в status FAILED
24,15:46,запустил test
24,15:48,стартовал grafana
24,15:54,перешел в status FINISHED
25,15:39,команда создана в графане
25,15:39,команда создана
25,15:39,подписка для команды создана
25,15:39,зарегистрировался
25,17:50,запустил test
25,17:52,стартовал grafana
25,17:58,перешел в status FAILED
25,22:24,запустил test
25,22:26,стартовал grafana
25,22:32,перешел в status FAILED
25,23:36,запустил test
25,23:38,стартовал grafana
25,23:41,перешел в status TEST_STOPPING
25,23:41,перешел в status CANCELED
25,23:50,запустил test
25,23:52,стартовал grafana
26,01:27,перешел в status FINISHED
26,11:18,команда создана в графане
26,11:18,зарегистрировался
26,11:18,подписка для команды создана
26,11:18,команда создана
26,15:44,запустил test
26,15:46,стартовал grafana
26,17:22,перешел в status FINISHED
26,18:31,запустил test
26,18:33,стартовал grafana
26,18:34,перешел в status FAILED
26,18:52,запустил test
26,18:54,стартовал grafana
26,18:55,перешел в status FAILED
27,11:59,запустил test
27,12:01,стартовал grafana
27,12:04,перешел в status TEST_STOPPING
27,12:04,перешел в status CANCELED
28,00:15,запустил test
28,00:16,стартовал grafana
28,00:23,перешел в status FINISHED
28,17:52,команда создана в графане
28,17:52,команда создана
28,17:52,подписка для команды создана
28,17:52,зарегистрировался
28,17:52,команда создана в графане
28,17:52,команда создана
28,17:52,подписка для команды создана
28,17:52,зарегистрировался
28,18:52,запустил test
28,18:54,стартовал grafana
28,19:05,перешел в status TEST_STOPPING
28,19:05,перешел в status CANCELED
29,00:34,запустил test
29,00:37,стартовал grafana
29,00:37,перешел в status TEST_STOPPING
29,00:37,перешел в status CANCELED
29,13:44,запустил test
29,13:46,стартовал grafana
29,14:02,перешел в status TEST_STOPPING
29,14:02,перешел в status CANCELED
29,14:33,команда создана в графане
29,14:33,команда создана
29,14:33,зарегистрировался
29,14:33,подписка для команды создана
29,14:37,команда создана в графане
29,14:37,подписка для команды создана
29,14:37,команда создана
29,14:37,зарегистрировался
29,16:44,запустил test
29,16:47,стартовал grafana
29,17:09,перешел в status TEST_STOPPING
29,17:09,перешел в status CANCELED
30,13:45,команда создана в графане
30,13:45,подписка для команды создана
30,13:45,команда создана
30,13:45,зарегистрировался
30,21:22,команда создана в графане
30,21:22,подписка для команды создана
30,21:22,команда создана
31,11:50,запустил test
31,11:52,стартовал grafana
31,11:53,команда создана в графане
31,11:53,подписка для команды создана
31,11:53,команда создана
31,11:53,зарегистрировался
31,11:57,перешел в status FINISHED
32,00:23,запустил test
32,00:27,стартовал grafana
32,13:21,перешел в status FINISHED
32,21:42,запустил test
32,21:44,стартовал grafana
32,21:54,перешел в status TEST_STOPPING
32,21:54,перешел в status CANCELED
32,21:55,запустил test
32,21:59,стартовал grafana
32,22:19,перешел в status TEST_STOPPING
32,22:19,перешел в status CANCELED
32,22:52,команда создана в графане
32,22:52,команда создана
32,22:52,зарегистрировался
32,22:52,подписка для команды создана
32,22:52,ошибка регистрации
32,22:56,обновил подписку
32,23:35,команда создана в графане
32,23:35,подписка для команды создана
32,23:35,команда создана
33,12:02,запустил test
33,12:04,стартовал grafana
33,12:05,перешел в status FINISHED
33,12:15,запустил test
33,12:15,перешел в status FAILED
33,12:16,запустил test
33,12:16,перешел в status FAILED
33,12:16,запустил test
33,12:16,перешел в status FAILED
33,12:17,запустил test
33,12:17,перешел в status FAILED
33,12:18,запустил test
33,12:20,запустил test
33,12:20,перешел в status FAILED
33,12:21,запустил test
33,12:22,стартовал grafana
33,12:22,стартовал grafana
33,12:22,запустил test
33,12:25,стартовал grafana
33,12:27,перешел в status TEST_STOPPING
33,12:27,перешел в status CANCELED
33,12:27,перешел в status TEST_STOPPING
33,12:27,перешел в status CANCELED
33,12:28,перешел в status TEST_STOPPING
33,12:28,перешел в status CANCELED
33,12:28,запустил test
33,12:28,стартовал grafana
33,12:29,перешел в status TEST_STOPPING
33,12:29,перешел в status CANCELED
33,12:29,запустил test
33,12:30,стартовал grafana
33,12:32,перешел в status TEST_STOPPING
33,12:32,перешел в status CANCELED
33,12:33,запустил test
33,12:33,перешел в status TEST_STOPPING
33,12:34,перешел в status FAILED
33,12:35,запустил test
33,12:35,перешел в status FAILED
33,12:37,запустил test
33,12:37,перешел в status FAILED
33,12:38,запустил test
33,12:38,перешел в status TEST_STOPPING
33,12:39,перешел в status FAILED
33,12:39,запустил test
33,12:40,стартовал grafana
33,12:41,перешел в status TEST_STOPPING
33,12:41,перешел в status CANCELED
33,12:42,запустил test
33,12:42,стартовал grafana
33,12:44,перешел в status FINISHED
34,05:03,запустил test
34,05:05,стартовал grafana
34,06:40,перешел в status FINISHED
35,00:35,команда создана в графане
35,00:36,команда создана
35,00:36,подписка для команды создана
35,16:02,запустил test
35,16:04,стартовал grafana
35,17:12,перешел в status FINISHED
35,21:34,команда создана в графане
35,21:34,подписка для команды создана
35,21:34,команда создана
35,21:34,зарегистрировался
35,22:32,запустил test
35,22:34,стартовал grafana
36,12:35,перешел в status FINISHED
37,01:00,запустил test
37,01:01,стартовал grafana
37,03:30,перешел в status FINISHED
37,05:23,запустил test
37,05:25,стартовал grafana
37,07:51,перешел в status FINISHED
37,10:03,запустил test
37,10:04,стартовал grafana
37,10:09,перешел в status FINISHED
37,13:19,запустил test
37,13:21,стартовал grafana
37,13:24,запустил test
37,13:25,стартовал grafana
37,13:30,перешел в status TEST_STOPPING
37,13:30,перешел в status CANCELED
37,13:31,перешел в status TEST_STOPPING
37,13:31,перешел в status CANCELED
37,13:46,запустил test
37,13:48,стартовал grafana
37,13:54,перешел в status FINISHED
37,15:21,запустил test
37,15:22,стартовал grafana
37,15:24,перешел в status FINISHED
37,15:45,запустил test
37,15:47,стартовал grafana
37,15:47,перешел в status FINISHED
37,15:58,запустил test
37,16:00,стартовал grafana
37,16:01,перешел в status TEST_STOPPING
37,16:01,перешел в status CANCELED
37,16:05,запустил test
37,16:07,стартовал grafana
37,16:08,перешел в status FINISHED
37,16:12,команда создана в графане
37,16:12,подписка для команды создана
37,16:12,команда создана
37,16:12,зарегистрировался
37,16:20,запустил test
37,16:22,стартовал grafana
37,16:23,перешел в status FINISHED
37,16:30,запустил test
37,16:32,стартовал grafana
37,16:38,перешел в status FINISHED
37,16:54,ошибка регистрации
37,17:14,запустил test
37,17:16,стартовал grafana
37,17:21,перешел в status FINISHED
37,19:38,запустил test
37,19:40,стартовал grafana
37,19:43,перешел в status TEST_STOPPING
37,19:43,перешел в status CANCELED
37,19:50,запустил test
37,19:52,стартовал grafana
37,19:58,перешел в status FINISHED
38,00:21,запустил test
38,00:23,стартовал grafana
38,00:28,перешел в status FINISHED
38,16:02,запустил test
38,16:06,стартовал grafana
38,16:11,перешел в status TEST_STOPPING
38,16:11,перешел в status CANCELED
38,16:16,запустил test
38,16:18,стартовал grafana
38,17:34,перешел в status FINISHED
38,17:38,ошибка регистрации
39,05:04,запустил test
39,05:06,стартовал grafana
39,05:17,перешел в status TEST_STOPPING
39,05:17,перешел в status CANCELED
39,13:18,запустил test
39,13:22,стартовал grafana
39,13:57,перешел в status FAILED
39,14:41,запустил test
39,14:42,запустил test
39,14:43,стартовал grafana
39,14:45,стартовал grafana
39,15:18,перешел в status FAILED
39,15:27,перешел в status TEST_STOPPING
39,15:27,перешел в status CANCELED
39,16:29,команда создана в графане
39,16:29,команда создана
39,16:29,подписка для команды создана
39,16:29,зарегистрировался
40,02:50,команда создана в графане
40,02:50,подписка для команды создана
40,02:50,команда создана
40,02:50,зарегистрировался
41,00:37,команда создана в графане
41,00:37,подписка для команды создана
41,00:37,зарегистрировался
41,00:37,команда создана
41,17:56,запустил test
41,17:58,стартовал grafana
41,19:18,перешел в status FINISHED
42,00:05,запустил test
42,00:07,стартовал grafana
42,00:08,перешел в status TEST_STOPPING
42,00:08,перешел в status CANCELED
42,00:10,запустил test
42,00:10,стартовал grafana
42,00:15,перешел в status FINISHED
42,16:25,запустил test
42,16:27,стартовал grafana
42,22:36,перешел в status FINISHED
43,11:58,запустил test
43,11:59,стартовал grafana
43,13:27,перешел в status TEST_STOPPING
43,13:27,перешел в status CANCELED
43,14:01,запустил test
43,14:03,стартовал grafana
43,17:38,запустил test
43,17:38,стартовал grafana
43,17:41,перешел в status TEST_STOPPING
43,17:41,перешел в status CANCELED
43,18:03,перешел в status FINISHED
43,19:19,запустил test
43,19:20,перешел в status TEST_STOPPING
43,19:21,перешел в status FAILED
43,19:32,команда создана в графане
43,19:32,подписка для команды создана
43,19:32,команда создана
43,19:32,зарегистрировался
44,01:47,команда создана в графане
44,01:47,команда создана
44,01:47,подписка для команды создана
44,01:47,зарегистрировался
44,10:29,запустил test
44,10:31,стартовал grafana
44,10:36,перешел в status FINISHED
44,11:18,запустил test
44,11:19,стартовал grafana
44,11:20,запустил test
44,11:20,стартовал grafana
44,11:21,перешел в status FINISHED
44,11:23,перешел в status TEST_STOPPING
44,11:23,перешел в status CANCELED
45,00:00,запустил test
45,00:02,стартовал grafana
45,00:12,перешел в status FINISHED
45,00:21,запустил test
45,00:24,стартовал grafana
45,13:18,перешел в status TEST_STOPPING
45,13:18,перешел в status CANCELED
45,13:21,запустил test
45,13:23,стартовал grafana
45,13:40,запустил test
45,13:40,стартовал grafana
45,13:51,перешел в status FINISHED
45,14:05,запустил test
45,14:06,стартовал grafana
45,14:16,перешел в status FINISHED
45,14:24,запустил test
45,14:25,стартовал grafana
45,14:26,перешел в status TEST_STOPPING
45,14:26,перешел в status CANCELED
45,14:32,перешел в status TEST_STOPPING
45,14:32,перешел в status CANCELED
45,14:47,запустил test
45,14:49,стартовал grafana
45,16:02,перешел в status TEST_STOPPING
45,16:02,перешел в status CANCELED
45,17:32,запустил test
45,17:34,стартовал grafana
45,17:35,перешел в status TEST_STOPPING
45,17:35,перешел в status CANCELED
45,17:54,запустил test
45,17:56,стартовал grafana
45,17:57,перешел в status TEST_STOPPING
45,17:57,перешел в status CANCELED
45,18:16,запустил test
45,18:18,стартовал grafana
45,18:23,перешел в status FINISHED
45,18:27,запустил test
45,18:28,стартовал grafana
45,18:44,перешел в status FINISHED
45,22:57,команда создана в графане
45,22:57,команда создана
45,22:57,подписка для команды создана
45,22:57,зарегистрировался
46,08:11,команда создана в графане
46,08:11,команда создана
46,08:11,подписка для команды создана
46,08:11,зарегистрировался
46,09:01,ошибка регистрации
46,12:30,команда создана в графане
46,12:30,команда создана
46,12:30,подписка для команды создана
46,12:30,зарегистрировался
47,11:20,запустил test
47,11:20,перешел в status TEST_STOPPING
47,11:21,перешел в status FAILED
47,11:21,запустил test
47,11:22,стартовал grafana
47,11:37,перешел в status FINISHED
47,11:41,запустил test
47,11:41,перешел в status TEST_STOPPING
47,11:41,перешел в status FAILED
47,11:45,запустил test
47,11:47,стартовал grafana
47,11:56,перешел в status TEST_STOPPING
47,11:56,перешел в status CANCELED
47,14:39,команда создана в графане
47,14:39,подписка для команды создана
47,14:39,зарегистрировался
47,14:39,команда создана
47,15:17,47,16:31,запустил test
47,16:33,стартовал grafana
47,16:36,перешел в status TEST_STOPPING
47,16:36,перешел в status CANCELED
47,16:42,запустил test
47,16:44,стартовал grafana
47,16:52,перешел в status FINISHED
47,16:56,запустил test
47,16:58,стартовал grafana
47,17:05,перешел в status FINISHED
47,17:07,запустил test
47,17:08,стартовал grafana
47,17:20,перешел в status FINISHED
47,19:14,запустил test
47,19:14,перешел в status TEST_STOPPING
47,19:15,перешел в status FAILED
47,19:59,запустил test
47,19:59,перешел в status TEST_STOPPING
47,20:00,перешел в status FAILED
47,20:43,запустил test
47,20:43,запустил test
47,20:43,запустил test
47,20:43,запустил test
47,20:43,запустил test
47,20:43,запустил test
47,20:43,перешел в status TEST_STOPPING
47,20:43,перешел в status TEST_STOPPING
47,20:43,перешел в status TEST_STOPPING
47,20:43,перешел в status TEST_STOPPING
47,20:44,перешел в status TEST_STOPPING
47,20:44,перешел в status FAILED
47,20:44,перешел в status TEST_STOPPING
47,20:44,перешел в status FAILED
47,20:44,перешел в status FAILED
47,20:44,перешел в status FAILED
47,20:44,перешел в status FAILED
47,20:44,перешел в status FAILED
47,21:22,запустил test
47,21:25,стартовал grafana
47,21:28,запустил test
47,21:28,запустил test
47,21:28,запустил test
47,21:28,запустил test
47,21:28,запустил test
47,21:28,запустил test
47,21:28,запустил test
47,21:28,запустил test
47,21:28,запустил test
47,21:28,запустил test
47,21:28,запустил test
47,21:28,запустил test
47,21:28,запустил test
47,21:28,запустил test
47,21:28,запустил test
47,21:28,запустил test
47,21:28,запустил test
47,21:28,запустил test
47,21:28,запустил test
47,21:28,запустил test
47,21:28,запустил test
47,21:28,запустил test
47,21:28,запустил test
47,21:28,запустил test
47,21:28,запустил test
47,21:28,запустил test
47,21:28,запустил test
47,21:28,запустил test
47,21:28,запустил test
47,21:28,запустил test
47,21:28,запустил test
47,21:28,запустил test
47,21:28,запустил test
47,21:28,запустил test
47,21:28,запустил test
47,21:28,запустил test
47,21:28,запустил test
47,21:28,запустил test
47,21:28,запустил test
47,21:28,запустил test
47,21:28,запустил test
47,21:29,перешел в status TEST_STOPPING
47,21:29,стартовал grafana
47,21:29,перешел в status TEST_STOPPING
47,21:29,перешел в status TEST_STOPPING
47,21:29,перешел в status TEST_STOPPING
47,21:29,перешел в status TEST_STOPPING
47,21:29,перешел в status TEST_STOPPING
47,21:29,перешел в status TEST_STOPPING
47,21:29,перешел в status TEST_STOPPING
47,21:29,перешел в status TEST_STOPPING
47,21:29,перешел в status TEST_STOPPING
47,21:29,перешел в status TEST_STOPPING
47,21:29,перешел в status TEST_STOPPING
47,21:29,перешел в status TEST_STOPPING
47,21:29,перешел в status TEST_STOPPING
47,21:30,перешел в status TEST_STOPPING
47,21:30,перешел в status TEST_STOPPING
47,21:30,перешел в status TEST_STOPPING
47,21:30,перешел в status TEST_STOPPING
47,21:30,перешел в status TEST_STOPPING
47,21:30,перешел в status TEST_STOPPING
47,21:30,перешел в status FAILED
47,21:30,перешел в status FAILED
47,21:30,перешел в status FAILED
47,21:30,перешел в status FAILED
47,21:30,перешел в status FAILED
47,21:30,перешел в status FAILED
47,21:30,перешел в status FAILED
47,21:30,перешел в status FAILED
47,21:30,перешел в status FAILED
47,21:30,перешел в status FAILED
47,21:30,перешел в status FAILED
47,21:30,перешел в status FAILED
47,21:30,перешел в status TEST_STOPPING
47,21:30,перешел в status TEST_STOPPING
47,21:30,перешел в status TEST_STOPPING
47,21:30,стартовал grafana
47,21:30,стартовал grafana
47,21:30,стартовал grafana
47,21:30,стартовал grafana
47,21:30,стартовал grafana
47,21:30,стартовал grafana
47,21:30,стартовал grafana
47,21:30,перешел в status TEST_STOPPING
47,21:30,стартовал grafana
47,21:30,перешел в status FAILED
47,21:30,перешел в status FAILED
47,21:30,перешел в status FAILED
47,21:30,перешел в status FAILED
47,21:30,перешел в status TEST_STOPPING
47,21:30,перешел в status TEST_STOPPING
47,21:30,перешел в status TEST_STOPPING
47,21:30,перешел в status TEST_STOPPING
47,21:30,перешел в status CANCELED
47,21:30,перешел в status TEST_STOPPING
47,21:31,стартовал grafana
47,21:31,стартовал grafana
47,21:31,стартовал grafana
47,21:31,стартовал grafana
47,21:31,перешел в status FAILED
47,21:31,стартовал grafana
47,21:31,стартовал grafana
47,21:31,перешел в status TEST_STOPPING
47,21:31,перешел в status TEST_STOPPING
47,21:31,перешел в status TEST_STOPPING
47,21:31,перешел в status CANCELED
47,21:31,перешел в status TEST_STOPPING
47,21:31,перешел в status CANCELED
47,21:31,перешел в status FAILED
47,21:31,перешел в status FAILED
47,21:31,перешел в status TEST_STOPPING
47,21:31,перешел в status CANCELED
47,21:31,перешел в status FAILED
47,21:31,перешел в status FAILED
47,21:31,перешел в status FAILED
47,21:31,перешел в status TEST_STOPPING
47,21:31,перешел в status CANCELED
47,21:31,перешел в status FAILED
47,21:31,перешел в status FINISHED
47,21:31,перешел в status TEST_STOPPING
47,21:31,перешел в status CANCELED
47,21:31,перешел в status TEST_STOPPING
47,21:31,перешел в status CANCELED
47,21:31,перешел в status TEST_STOPPING
47,21:31,перешел в status CANCELED
47,21:31,перешел в status TEST_STOPPING
47,21:31,перешел в status CANCELED
47,21:31,перешел в status TEST_STOPPING
47,21:31,перешел в status CANCELED
47,21:31,перешел в status TEST_STOPPING
47,21:31,перешел в status CANCELED
47,21:31,перешел в status FAILED
47,21:33,перешел в status FAILED
47,21:33,перешел в status FAILED
47,21:33,перешел в status FAILED
47,21:33,перешел в status FAILED
47,21:33,перешел в status FAILED
47,21:33,перешел в status FAILED
47,21:34,запустил test
47,21:36,стартовал grafana
47,21:40,запустил test
47,21:40,запустил test
47,21:40,стартовал grafana
47,21:40,запустил test
47,21:41,запустил test
47,21:41,запустил test
47,21:42,стартовал grafana
47,21:42,запустил test
47,21:42,запустил test
47,21:43,стартовал grafana
47,21:43,запустил test
47,21:43,стартовал grafana
47,21:43,стартовал grafana
47,21:43,запустил test
47,21:44,стартовал grafana
47,21:44,запустил test
47,21:44,стартовал grafana
47,21:44,запустил test
47,21:45,запустил test
47,21:45,стартовал grafana
47,21:45,стартовал grafana
47,21:45,запустил test
47,21:46,запустил test
47,21:46,стартовал grafana
47,21:46,стартовал grafana
47,21:46,запустил test
47,21:47,запустил test
47,21:47,стартовал grafana
47,21:47,стартовал grafana
47,21:47,стартовал grafana
47,21:47,запустил test
47,21:48,запустил test
47,21:48,стартовал grafana
47,21:48,запустил test
47,21:49,запустил test
47,21:49,стартовал grafana
47,21:49,стартовал grafana
47,21:49,запустил test
47,21:50,запустил test
47,21:50,стартовал grafana
47,21:50,стартовал grafana
47,21:50,стартовал grafana
47,21:50,запустил test
47,21:51,запустил test
47,21:51,запустил test
47,21:52,стартовал grafana
47,21:52,запустил test
47,21:52,стартовал grafana
47,21:52,стартовал grafana
47,21:52,запустил test
47,21:53,запустил test
47,21:53,стартовал grafana
47,21:53,стартовал grafana
47,21:53,запустил test
47,21:54,стартовал grafana
47,21:54,запустил test
47,21:54,стартовал grafana
47,21:54,запустил test
47,21:55,запустил test
47,21:55,стартовал grafana
47,21:55,запустил test
47,21:56,стартовал grafana
47,21:56,запустил test
47,21:56,стартовал grafana
47,21:56,запустил test
47,21:57,стартовал grafana
47,21:57,запустил test
47,21:57,стартовал grafana
47,21:57,стартовал grafana
47,21:57,запустил test
47,21:58,запустил test
47,21:58,стартовал grafana
47,21:58,запустил test
47,21:59,стартовал grafana
47,21:59,запустил test
47,21:59,стартовал grafana
47,21:59,запустил test
47,22:00,стартовал grafana
47,22:00,запустил test
47,22:00,стартовал grafana
47,22:00,стартовал grafana
47,22:00,запустил test
47,22:01,запустил test
47,22:01,стартовал grafana
47,22:01,запустил test
47,22:02,запустил test
47,22:02,стартовал grafana
47,22:02,стартовал grafana
47,22:02,запустил test
47,22:03,стартовал grafana
47,22:03,запустил test
47,22:03,стартовал grafana
47,22:03,стартовал grafana
47,22:03,запустил test
47,22:04,запустил test
47,22:04,стартовал grafana
47,22:04,стартовал grafana
47,22:04,запустил test
47,22:05,запустил test
47,22:05,запустил test
47,22:05,стартовал grafana
47,22:06,стартовал grafana
47,22:06,запустил test
47,22:06,стартовал grafana
47,22:06,запустил test
47,22:07,стартовал grafana
47,22:07,стартовал grafana
47,22:07,запустил test
47,22:07,запустил test
47,22:08,запустил test
47,22:08,стартовал grafana
47,22:08,запустил test
47,22:08,перешел в status FAILED
47,22:09,стартовал grafana
47,22:09,перешел в status FAILED
47,22:09,стартовал grafana
47,22:09,запустил test
47,22:09,перешел в status FAILED
47,22:09,стартовал grafana
47,22:09,запустил test
47,22:10,стартовал grafana
47,22:10,запустил test
47,22:10,запустил test
47,22:11,запустил test
47,22:11,перешел в status FAILED
47,22:11,перешел в status FAILED
47,22:11,стартовал grafana
47,22:11,запустил test
47,22:11,перешел в status FAILED
47,22:12,стартовал grafana
47,22:12,запустил test
47,22:12,перешел в status FAILED
47,22:12,запустил test
47,22:12,перешел в status FAILED
47,22:13,запустил test
47,22:13,перешел в status FAILED
47,22:13,запустил test
47,22:13,перешел в status FAILED
47,22:14,запустил test
47,22:14,перешел в status FAILED
47,22:14,запустил test
47,22:14,перешел в status FAILED
47,22:15,запустил test
47,22:15,перешел в status FAILED
47,22:15,запустил test
47,22:15,перешел в status FAILED
47,22:16,запустил test
47,22:16,перешел в status FAILED
47,22:16,запустил test
47,22:16,перешел в status FAILED
47,22:17,запустил test
47,22:17,перешел в status FAILED
47,22:17,запустил test
47,22:17,перешел в status FAILED
47,22:18,запустил test
47,22:18,перешел в status FAILED
47,22:18,запустил test
47,22:18,перешел в status FAILED
47,22:19,запустил test
47,22:19,перешел в status FAILED
47,22:19,запустил test
47,22:19,перешел в status FAILED
47,22:20,запустил test
47,22:20,перешел в status FAILED
47,22:20,запустил test
47,22:20,перешел в status FAILED
47,22:21,запустил test
47,22:21,перешел в status FAILED
47,22:21,запустил test
47,22:21,перешел в status FAILED
47,22:22,запустил test
47,22:22,запустил test
47,22:24,запустил test
47,22:24,стартовал grafana
47,22:24,запустил test
47,22:24,перешел в status FAILED
47,22:24,перешел в status FAILED
47,22:24,стартовал grafana
47,22:27,запустил test
47,22:29,стартовал grafana
47,22:30,запустил test
47,22:30,перешел в status FAILED
47,22:33,запустил test
47,22:35,стартовал grafana
47,22:36,запустил test
47,22:38,стартовал grafana
47,22:39,запустил test
47,22:41,стартовал grafana
47,22:42,запустил test
47,22:44,стартовал grafana
47,22:45,запустил test
47,22:46,стартовал grafana
47,22:48,запустил test
47,22:50,стартовал grafana
47,22:51,запустил test
47,22:52,запустил test
47,22:52,запустил test
47,22:52,стартовал grafana
47,22:53,запустил test
47,22:54,стартовал grafana
47,22:54,стартовал grafana
47,22:55,запустил test
47,22:55,стартовал grafana
47,22:56,запустил test
47,22:57,стартовал grafana
47,22:58,запустил test
47,22:59,стартовал grafana
47,22:59,запустил test
47,23:00,стартовал grafana
47,23:01,запустил test
47,23:02,стартовал grafana
47,23:02,запустил test
47,23:03,стартовал grafana
47,23:04,запустил test
47,23:05,стартовал grafana
47,23:05,запустил test
47,23:06,стартовал grafana
47,23:07,запустил test
47,23:08,стартовал grafana
47,23:08,запустил test
47,23:09,стартовал grafana
47,23:10,запустил test
47,23:10,стартовал grafana
47,23:11,запустил test
47,23:12,стартовал grafana
47,23:13,запустил test
47,23:13,стартовал grafana
47,23:14,запустил test
47,23:15,стартовал grafana
47,23:16,запустил test
47,23:17,стартовал grafana
47,23:17,запустил test
47,23:19,стартовал grafana
47,23:19,запустил test
47,23:19,стартовал grafana
47,23:20,запустил test
47,23:21,перешел в status FAILED
47,23:22,запустил test
47,23:23,стартовал grafana
47,23:23,запустил test
47,23:24,стартовал grafana
47,23:25,запустил test
47,23:26,стартовал grafana
47,23:26,запустил test
47,23:27,стартовал grafana
47,23:28,запустил test
47,23:28,стартовал grafana
47,23:29,запустил test
47,23:30,стартовал grafana
47,23:31,запустил test
47,23:31,стартовал grafana
47,23:32,запустил test
47,23:33,стартовал grafana
47,23:34,запустил test
47,23:35,стартовал grafana
47,23:35,запустил test
47,23:37,стартовал grafana
47,23:37,запустил test
47,23:37,стартовал grafana
47,23:38,запустил test
47,23:39,стартовал grafana
47,23:40,запустил test
47,23:40,стартовал grafana
47,23:41,запустил test
47,23:42,стартовал grafana
47,23:43,запустил test
47,23:43,стартовал grafana
47,23:44,запустил test
47,23:45,стартовал grafana
47,23:46,запустил test
47,23:47,стартовал grafana
47,23:47,запустил test
47,23:49,стартовал grafana
47,23:49,запустил test
47,23:50,стартовал grafana
47,23:50,запустил test
47,23:51,стартовал grafana
47,23:52,запустил test
47,23:52,стартовал grafana
47,23:53,запустил test
47,23:54,стартовал grafana
47,23:55,запустил test
47,23:55,стартовал grafana
47,23:56,запустил test
47,23:57,стартовал grafana
47,23:58,запустил test
47,23:58,стартовал grafana
47,23:59,запустил test
48,12:00,стартовал grafana
48,12:01,запустил test
48,12:02,стартовал grafana
48,12:02,запустил test
48,12:03,стартовал grafana
48,12:04,запустил test
48,12:04,стартовал grafana
48,12:05,запустил test
48,12:06,стартовал grafana
48,12:07,запустил test
48,12:07,стартовал grafana
48,12:08,запустил test
48,12:09,стартовал grafana
48,12:10,запустил test
48,12:11,стартовал grafana
48,12:11,запустил test
48,12:12,стартовал grafana
48,12:13,запустил test
48,12:13,стартовал grafana
48,12:14,запустил test
48,12:15,стартовал grafana
48,12:16,запустил test
48,12:16,стартовал grafana
48,12:17,запустил test
48,12:18,стартовал grafana
48,12:19,запустил test
48,12:20,стартовал grafana
48,12:20,запустил test
48,12:21,стартовал grafana
48,12:22,запустил test
48,12:22,стартовал grafana
48,12:23,запустил test
48,12:24,стартовал grafana
48,12:25,запустил test
48,12:26,стартовал grafana
48,12:26,запустил test
48,12:27,стартовал grafana
48,12:28,запустил test
48,12:29,стартовал grafana
48,12:29,запустил test
48,12:30,стартовал grafana
48,12:31,запустил test
48,12:31,стартовал grafana
48,12:32,запустил test
48,12:33,стартовал grafana
48,12:34,запустил test
48,12:34,стартовал grafana
48,12:35,запустил test
48,12:36,стартовал grafana
48,12:37,запустил test
48,12:38,стартовал grafana
48,12:38,запустил test
48,12:39,стартовал grafana
48,12:40,запустил test
48,12:41,стартовал grafana
48,12:41,запустил test
48,12:42,стартовал grafana
48,12:43,запустил test
48,12:43,стартовал grafana
48,12:44,запустил test
48,12:45,стартовал grafana
48,12:46,запустил test
48,12:47,стартовал grafana
48,12:47,запустил test
48,12:48,стартовал grafana
48,12:49,запустил test
48,12:49,стартовал grafana
48,12:50,запустил test
48,12:51,стартовал grafana
48,12:52,запустил test
48,12:52,стартовал grafana
48,12:53,запустил test
48,12:54,стартовал grafana
48,12:55,запустил test
48,12:56,стартовал grafana
48,12:56,запустил test
48,12:57,стартовал grafana
48,12:58,запустил test
48,12:58,стартовал grafana
48,12:59,запустил test
49,01:00,стартовал grafana
49,01:01,запустил test
49,01:02,стартовал grafana
49,01:02,запустил test
49,01:02,стартовал grafana
49,01:04,запустил test
49,01:04,стартовал grafana
49,01:05,запустил test
49,01:06,стартовал grafana
49,01:07,запустил test
49,01:08,стартовал grafana
49,01:08,запустил test
49,01:09,стартовал grafana
49,01:10,запустил test
49,01:10,стартовал grafana
49,01:11,запустил test
49,01:12,стартовал grafana
49,01:13,запустил test
49,01:14,стартовал grafana
49,01:14,запустил test
49,01:15,стартовал grafana
49,01:16,запустил test
49,01:17,стартовал grafana
49,01:17,запустил test
49,01:18,стартовал grafana
49,01:19,запустил test
49,01:19,стартовал grafana
49,01:20,запустил test
49,01:21,стартовал grafana
49,01:22,запустил test
49,01:22,стартовал grafana
49,01:23,запустил test
49,01:24,стартовал grafana
49,01:25,запустил test
49,01:25,стартовал grafana
49,01:26,запустил test
49,01:27,стартовал grafana
49,01:28,запустил test
49,01:28,стартовал grafana
49,01:29,запустил test
49,01:30,стартовал grafana
49,01:31,запустил test
49,01:32,стартовал grafana
49,01:32,запустил test
49,01:34,стартовал grafana
49,01:34,запустил test
49,01:35,стартовал grafana
49,01:35,запустил test
49,01:36,стартовал grafana
49,01:37,запустил test
49,01:37,стартовал grafana
49,01:38,запустил test
49,01:39,стартовал grafana
49,01:41,стартовал grafana
49,01:44,перешел в status TEST_STOPPING
49,01:44,перешел в status TEST_STOPPING
49,01:44,перешел в status CANCELED
49,01:44,перешел в status CANCELED
49,01:44,перешел в status TEST_STOPPING
49,01:44,перешел в status TEST_STOPPING
49,01:44,перешел в status CANCELED
49,01:44,перешел в status CANCELED
49,01:44,перешел в status TEST_STOPPING
49,01:44,перешел в status CANCELED
49,01:44,перешел в status TEST_STOPPING
49,01:44,перешел в status CANCELED
49,01:44,перешел в status TEST_STOPPING
49,01:44,перешел в status CANCELED
49,01:44,перешел в status TEST_STOPPING
49,01:44,перешел в status CANCELED
49,01:44,перешел в status TEST_STOPPING
49,01:44,перешел в status TEST_STOPPING
49,01:44,перешел в status CANCELED
49,01:44,перешел в status CANCELED
49,01:44,перешел в status TEST_STOPPING
49,01:44,перешел в status TEST_STOPPING
49,01:44,перешел в status CANCELED
49,01:44,перешел в status CANCELED
49,01:44,перешел в status TEST_STOPPING
49,01:44,перешел в status CANCELED
49,01:44,перешел в status TEST_STOPPING
49,01:44,перешел в status CANCELED
49,01:44,перешел в status TEST_STOPPING
49,01:44,перешел в status CANCELED
49,01:44,перешел в status TEST_STOPPING
49,01:44,перешел в status CANCELED
49,01:44,перешел в status TEST_STOPPING
49,01:44,перешел в status CANCELED
49,01:44,перешел в status TEST_STOPPING
49,01:44,перешел в status CANCELED
49,01:44,перешел в status TEST_STOPPING
49,01:45,перешел в status CANCELED
49,01:45,перешел в status TEST_STOPPING
49,01:45,перешел в status CANCELED
49,01:45,перешел в status TEST_STOPPING
49,01:45,перешел в status CANCELED
49,01:45,перешел в status TEST_STOPPING
49,01:45,перешел в status CANCELED
49,01:45,перешел в status TEST_STOPPING
49,01:45,перешел в status CANCELED
49,01:45,перешел в status TEST_STOPPING
49,01:45,перешел в status CANCELED
49,01:45,перешел в status TEST_STOPPING
49,01:45,перешел в status CANCELED
49,01:45,перешел в status TEST_STOPPING
49,01:45,перешел в status CANCELED
49,01:45,перешел в status TEST_STOPPING
49,01:45,перешел в status TEST_STOPPING
49,01:45,перешел в status CANCELED
49,01:45,перешел в status CANCELED
49,01:45,перешел в status TEST_STOPPING
49,01:45,перешел в status CANCELED
49,01:45,перешел в status TEST_STOPPING
49,01:45,перешел в status CANCELED
49,01:45,перешел в status TEST_STOPPING
49,01:45,перешел в status CANCELED
49,01:45,перешел в status TEST_STOPPING
49,01:45,перешел в status CANCELED
49,01:45,перешел в status TEST_STOPPING
49,01:45,перешел в status CANCELED
49,01:45,перешел в status TEST_STOPPING
49,01:45,перешел в status CANCELED
49,01:45,перешел в status TEST_STOPPING
49,01:45,перешел в status CANCELED
49,01:45,перешел в status TEST_STOPPING
49,01:45,перешел в status CANCELED
49,01:45,перешел в status TEST_STOPPING
49,01:45,перешел в status CANCELED
49,01:46,перешел в status TEST_STOPPING
49,01:46,перешел в status CANCELED
49,01:46,перешел в status TEST_STOPPING
49,01:46,перешел в status CANCELED
49,01:46,перешел в status TEST_STOPPING
49,01:46,перешел в status CANCELED
49,01:46,перешел в status TEST_STOPPING
49,01:46,перешел в status CANCELED
49,01:46,перешел в status TEST_STOPPING
49,01:46,перешел в status CANCELED
49,01:46,перешел в status TEST_STOPPING
49,01:46,перешел в status CANCELED
49,01:46,перешел в status TEST_STOPPING
49,01:46,перешел в status CANCELED
49,01:46,перешел в status TEST_STOPPING
49,01:46,перешел в status CANCELED
49,01:46,перешел в status TEST_STOPPING
49,01:46,перешел в status CANCELED
49,01:46,перешел в status TEST_STOPPING
49,01:46,перешел в status CANCELED
49,01:46,перешел в status TEST_STOPPING
49,01:46,перешел в status CANCELED
49,01:46,перешел в status TEST_STOPPING
49,01:46,перешел в status CANCELED
49,01:46,перешел в status CANCELED
49,01:46,перешел в status TEST_STOPPING
49,01:46,перешел в status TEST_STOPPING
49,01:46,перешел в status CANCELED
49,01:46,перешел в status TEST_STOPPING
49,01:46,перешел в status CANCELED
49,01:46,перешел в status TEST_STOPPING
49,01:46,перешел в status CANCELED
49,01:46,перешел в status TEST_STOPPING
49,01:46,перешел в status CANCELED
49,01:46,перешел в status TEST_STOPPING
49,01:46,перешел в status CANCELED
49,01:46,перешел в status CANCELED
49,01:46,перешел в status TEST_STOPPING
49,01:46,перешел в status TEST_STOPPING
49,01:46,перешел в status TEST_STOPPING
49,01:46,перешел в status CANCELED
49,01:46,перешел в status CANCELED
49,01:46,перешел в status TEST_STOPPING
49,01:46,перешел в status CANCELED
49,01:46,перешел в status TEST_STOPPING
49,01:46,перешел в status CANCELED
49,01:46,перешел в status TEST_STOPPING
49,01:46,перешел в status CANCELED
49,01:46,перешел в status FINISHED
49,01:47,перешел в status TEST_STOPPING
49,01:47,перешел в status CANCELED
49,01:47,перешел в status TEST_STOPPING
49,01:47,перешел в status TEST_STOPPING
49,01:47,перешел в status CANCELED
49,01:47,перешел в status CANCELED
49,01:47,перешел в status TEST_STOPPING
49,01:47,перешел в status CANCELED
49,01:47,перешел в status TEST_STOPPING
49,01:47,перешел в status CANCELED
49,01:47,перешел в status TEST_STOPPING
49,01:47,перешел в status TEST_STOPPING
49,01:47,перешел в status CANCELED
49,01:47,перешел в status CANCELED
49,01:47,перешел в status TEST_STOPPING
49,01:47,перешел в status CANCELED
49,01:47,перешел в status TEST_STOPPING
49,01:47,перешел в status CANCELED
49,01:47,перешел в status TEST_STOPPING
49,01:47,перешел в status CANCELED
49,01:47,перешел в status TEST_STOPPING
49,01:47,перешел в status CANCELED
49,01:47,перешел в status TEST_STOPPING
49,01:47,перешел в status CANCELED
49,01:47,перешел в status TEST_STOPPING
49,01:47,перешел в status CANCELED
49,01:47,перешел в status TEST_STOPPING
49,01:47,перешел в status CANCELED
49,01:47,перешел в status TEST_STOPPING
49,01:47,перешел в status CANCELED
49,01:47,перешел в status TEST_STOPPING
49,01:47,перешел в status CANCELED
49,01:47,перешел в status TEST_STOPPING
49,01:47,перешел в status CANCELED
49,01:47,перешел в status TEST_STOPPING
49,01:47,перешел в status CANCELED
49,01:47,перешел в status TEST_STOPPING
49,01:47,перешел в status CANCELED
49,01:47,перешел в status TEST_STOPPING
49,01:47,перешел в status CANCELED
49,01:47,перешел в status TEST_STOPPING
49,01:47,перешел в status CANCELED
49,01:47,перешел в status TEST_STOPPING
49,01:47,перешел в status CANCELED
49,01:47,перешел в status TEST_STOPPING
49,01:47,перешел в status CANCELED
49,01:47,перешел в status TEST_STOPPING
49,01:48,перешел в status CANCELED
49,01:48,перешел в status TEST_STOPPING
49,01:48,перешел в status CANCELED
49,01:48,перешел в status TEST_STOPPING
49,01:48,перешел в status CANCELED
49,01:48,перешел в status TEST_STOPPING
49,01:48,перешел в status CANCELED
49,01:48,перешел в status TEST_STOPPING
49,01:48,перешел в status CANCELED
49,01:48,перешел в status TEST_STOPPING
49,01:48,перешел в status CANCELED
49,01:48,перешел в status TEST_STOPPING
49,01:48,перешел в status CANCELED
49,01:48,перешел в status TEST_STOPPING
49,01:48,перешел в status CANCELED
49,01:48,перешел в status TEST_STOPPING
49,01:48,перешел в status CANCELED
49,01:48,перешел в status TEST_STOPPING
49,01:48,перешел в status CANCELED
49,01:48,перешел в status TEST_STOPPING
49,01:48,перешел в status TEST_STOPPING
49,01:48,перешел в status CANCELED
49,01:48,перешел в status CANCELED
49,01:48,перешел в status TEST_STOPPING
49,01:48,перешел в status CANCELED
49,01:48,перешел в status TEST_STOPPING
49,01:48,перешел в status CANCELED
49,01:48,перешел в status TEST_STOPPING
49,01:48,перешел в status CANCELED
49,01:48,перешел в status TEST_STOPPING
49,01:48,перешел в status CANCELED
49,01:48,перешел в status TEST_STOPPING
49,01:48,перешел в status CANCELED
49,01:48,перешел в status TEST_STOPPING
49,01:48,перешел в status CANCELED
49,01:48,перешел в status TEST_STOPPING
49,01:48,перешел в status CANCELED
49,01:48,перешел в status TEST_STOPPING
49,01:48,перешел в status TEST_STOPPING
49,01:48,перешел в status CANCELED
49,01:48,перешел в status CANCELED
49,01:48,перешел в status TEST_STOPPING
49,01:48,перешел в status CANCELED
49,01:48,перешел в status TEST_STOPPING
49,01:48,перешел в status CANCELED
49,01:48,перешел в status TEST_STOPPING
49,01:48,перешел в status CANCELED
49,01:48,перешел в status TEST_STOPPING
49,01:48,перешел в status CANCELED
49,01:48,перешел в status TEST_STOPPING
49,01:48,перешел в status CANCELED
49,01:48,перешел в status TEST_STOPPING
49,01:48,перешел в status CANCELED
49,01:49,перешел в status TEST_STOPPING
49,01:49,перешел в status CANCELED
49,01:49,перешел в status TEST_STOPPING
49,01:49,перешел в status CANCELED
49,01:49,перешел в status TEST_STOPPING
49,01:49,перешел в status TEST_STOPPING
49,01:49,перешел в status CANCELED
49,01:49,перешел в status TEST_STOPPING
49,01:49,перешел в status CANCELED
49,01:49,перешел в status FAILED
49,01:49,перешел в status TEST_STOPPING
49,01:49,перешел в status CANCELED
49,01:49,перешел в status TEST_STOPPING
49,01:49,перешел в status TEST_STOPPING
49,01:49,перешел в status CANCELED
49,01:49,перешел в status TEST_STOPPING
49,01:49,перешел в status TEST_STOPPING
49,01:49,перешел в status TEST_STOPPING
49,01:49,перешел в status TEST_STOPPING
49,01:49,перешел в status TEST_STOPPING
49,01:49,перешел в status TEST_STOPPING
49,01:49,перешел в status CANCELED
49,01:49,перешел в status TEST_STOPPING
49,01:49,перешел в status TEST_STOPPING
49,01:49,перешел в status CANCELED
49,01:50,перешел в status TEST_STOPPING
49,01:50,перешел в status CANCELED
49,01:50,перешел в status TEST_STOPPING
49,01:50,перешел в status TEST_STOPPING
49,01:50,перешел в status FAILED
49,01:50,перешел в status TEST_STOPPING
49,01:50,перешел в status FAILED
49,01:50,перешел в status TEST_STOPPING
49,01:50,перешел в status FAILED
49,01:50,перешел в status TEST_STOPPING
49,01:50,перешел в status CANCELED
49,01:50,перешел в status FAILED
49,01:50,перешел в status TEST_STOPPING
49,01:50,перешел в status CANCELED
49,01:50,перешел в status TEST_STOPPING
49,01:50,перешел в status TEST_STOPPING
49,01:50,перешел в status CANCELED
49,01:50,перешел в status TEST_STOPPING
49,01:50,перешел в status CANCELED
49,01:50,перешел в status TEST_STOPPING
49,01:50,перешел в status TEST_STOPPING
49,01:50,перешел в status CANCELED
49,01:50,перешел в status CANCELED
49,01:50,перешел в status TEST_STOPPING
49,01:50,перешел в status CANCELED
49,01:50,перешел в status TEST_STOPPING
49,01:50,перешел в status FAILED
49,01:50,перешел в status FAILED
49,01:50,перешел в status TEST_STOPPING
49,01:50,перешел в status TEST_STOPPING
49,01:50,перешел в status FAILED
49,01:50,перешел в status FAILED
49,01:51,перешел в status FAILED
49,01:51,перешел в status TEST_STOPPING
49,01:51,перешел в status CANCELED
49,01:51,перешел в status FAILED
49,01:51,перешел в status FAILED
49,01:51,перешел в status TEST_STOPPING
49,01:51,перешел в status CANCELED
49,01:51,перешел в status FAILED
49,01:51,перешел в status TEST_STOPPING
49,01:51,перешел в status CANCELED
49,01:51,перешел в status FAILED
49,01:51,перешел в status TEST_STOPPING
49,01:51,перешел в status CANCELED
49,01:51,перешел в status TEST_STOPPING
49,01:51,перешел в status CANCELED
49,01:51,перешел в status TEST_STOPPING
49,01:51,перешел в status CANCELED
49,01:51,перешел в status TEST_STOPPING
49,01:51,перешел в status CANCELED
49,01:51,перешел в status FAILED
49,01:51,перешел в status TEST_STOPPING
49,01:51,перешел в status CANCELED
49,01:52,перешел в status TEST_STOPPING
49,01:52,перешел в status CANCELED
49,01:52,перешел в status TEST_STOPPING
49,01:52,перешел в status CANCELED
49,01:52,перешел в status FAILED
49,01:52,перешел в status TEST_STOPPING
49,01:52,перешел в status CANCELED
49,01:52,перешел в status TEST_STOPPING
49,01:52,перешел в status CANCELED
49,01:52,перешел в status TEST_STOPPING
49,01:52,перешел в status CANCELED
49,01:52,перешел в status TEST_STOPPING
49,01:52,перешел в status CANCELED
49,01:52,перешел в status TEST_STOPPING
49,01:52,перешел в status CANCELED
49,01:52,перешел в status TEST_STOPPING
49,01:52,перешел в status CANCELED
49,01:52,перешел в status TEST_STOPPING
49,01:52,перешел в status CANCELED
49,01:52,перешел в status TEST_STOPPING
49,01:52,перешел в status CANCELED
49,01:52,перешел в status TEST_STOPPING
49,01:52,перешел в status CANCELED
49,01:53,перешел в status TEST_STOPPING
49,01:53,перешел в status CANCELED
49,01:53,перешел в status TEST_STOPPING
49,01:53,перешел в status CANCELED
49,01:53,перешел в status TEST_STOPPING
49,01:53,перешел в status CANCELED
49,01:53,перешел в status TEST_STOPPING
49,01:53,перешел в status CANCELED
49,01:53,перешел в status TEST_STOPPING
49,01:53,перешел в status CANCELED
49,01:53,перешел в status TEST_STOPPING
49,01:53,перешел в status CANCELED
49,01:53,перешел в status TEST_STOPPING
49,01:53,перешел в status CANCELED
49,01:53,перешел в status TEST_STOPPING
49,01:53,перешел в status CANCELED
49,01:53,перешел в status TEST_STOPPING
49,01:53,перешел в status CANCELED
49,01:53,перешел в status TEST_STOPPING
49,01:53,перешел в status CANCELED
49,01:53,перешел в status TEST_STOPPING
49,01:53,перешел в status CANCELED
49,01:53,перешел в status TEST_STOPPING
49,01:53,перешел в status CANCELED
49,01:53,перешел в status TEST_STOPPING
49,01:53,перешел в status CANCELED
49,01:53,перешел в status TEST_STOPPING
49,01:53,перешел в status CANCELED
49,01:53,перешел в status TEST_STOPPING
49,01:53,перешел в status CANCELED
49,01:53,перешел в status TEST_STOPPING
49,01:53,перешел в status TEST_STOPPING
49,01:53,перешел в status CANCELED
49,01:53,перешел в status CANCELED
49,01:53,перешел в status TEST_STOPPING
49,01:53,перешел в status CANCELED
49,01:53,перешел в status TEST_STOPPING
49,01:53,перешел в status CANCELED
49,14:30,запустил test
49,14:32,стартовал grafana
49,14:34,запустил test
49,14:34,запустил test
49,14:35,стартовал grafana
49,14:36,стартовал grafana
49,14:37,перешел в status FINISHED
49,14:38,перешел в status TEST_STOPPING
49,14:38,перешел в status CANCELED
49,14:38,перешел в status TEST_STOPPING
49,14:38,перешел в status CANCELED
49,14:41,запустил test
49,14:43,стартовал grafana
49,14:45,перешел в status TEST_STOPPING
49,14:45,перешел в status CANCELED
49,17:31,запустил test
49,17:31,стартовал grafana
49,17:32,запустил test
49,17:34,стартовал grafana
49,17:42,перешел в status FINISHED
49,17:44,перешел в status FINISHED
50,07:49,запустил test
50,07:54,стартовал grafana
50,07:56,перешел в status TEST_STOPPING
50,07:56,перешел в status CANCELED
50,08:28,запустил test
50,08:30,стартовал grafana
50,08:42,перешел в status FINISHED
50,10:59,запустил test
50,10:59,перешел в status TEST_STOPPING
50,10:59,перешел в status FAILED
50,11:03,перешел в status FAILED
50,11:18,запустил test
50,11:20,стартовал grafana
50,11:25,перешел в status FINISHED
51,00:57,запустил test
51,13:00,стартовал grafana
51,13:17,запустил test
51,13:18,перешел в status TEST_STOPPING
51,13:18,перешел в status CANCELED
51,13:18,стартовал grafana
51,14:24,перешел в status FINISHED
52,06:35,запустил test
52,06:37,стартовал grafana
52,06:44,перешел в status FINISHED
52,08:10,запустил test
52,08:11,стартовал grafana
52,08:15,перешел в status FINISHED
52,08:24,запустил test
52,08:26,стартовал grafana
52,09:32,перешел в status FINISHED
52,12:08,команда создана в графане
52,12:08,команда создана
52,12:08,подписка для команды создана
52,12:08,зарегистрировался
52,17:18,запустил test
52,17:20,стартовал grafana
52,17:32,перешел в status FINISHED
53,10:45,команда создана в графане
53,10:45,команда создана
53,10:45,подписка для команды создана
53,10:45,зарегистрировался
53,13:07,запустил test
53,13:09,стартовал grafana
53,13:14,перешел в status FINISHED
54,00:02,запустил test
54,00:05,стартовал grafana
54,13:31,перешел в status FINISHED
54,15:25,ошибка регистрации
54,18:14,запустил test
54,18:15,стартовал grafana
54,18:26,перешел в status FINISHED
54,18:26,запустил test
54,18:26,стартовал grafana
54,18:33,перешел в status FAILED
54,19:55,запустил test
54,19:58,стартовал grafana
54,20:59,перешел в status TEST_STOPPING
54,20:59,перешел в status CANCELED
55,09:28,запустил test
55,09:30,стартовал grafana
55,10:51,перешел в status FINISHED
55,13:49,команда создана в графане
55,13:49,подписка для команды создана
55,13:49,команда создана
55,13:49,зарегистрировался
56,00:04,запустил test
56,00:06,стартовал grafana
56,00:07,перешел в status FAILED
56,00:25,запустил test
56,00:28,стартовал grafana
56,00:31,перешел в status FAILED
56,00:33,запустил test
56,00:35,стартовал grafana
56,00:46,перешел в status FINISHED
56,13:49,команда создана в графане
56,13:49,подписка для команды создана
56,13:49,команда создана
56,13:49,зарегистрировался
56,16:24,запустил test
56,16:28,стартовал grafana
56,17:21,перешел в status TEST_STOPPING
56,17:21,перешел в status CANCELED
57,10:40,команда создана в графане
57,10:40,подписка для команды создана
57,10:40,команда создана
57,10:40,зарегистрировался
58,00:41,запустил test
58,00:43,стартовал grafana
58,00:59,перешел в status FINISHED
58,15:17,команда создана в графане
58,15:17,подписка для команды создана
58,15:17,зарегистрировался
58,15:17,команда создана
58,15:39,запустил test
58,15:40,стартовал grafana
58,15:42,перешел в status FINISHED
58,16:19,запустил test
58,16:21,стартовал grafana
58,16:25,перешел в status FINISHED
58,16:26,запустил test
58,16:27,стартовал grafana
58,16:42,перешел в status FINISHED